id,first_name,last_name,email,gender,ip_address
1,Stillman,Cobain,scobain0@ezinearticles.com,Male,201.237.162.92
2,Minta,Turbefield,mturbefield1@list-manage.com,Non-binary,124.183.249.254
3,Cooper,Glidder,cglidder2@umich.edu,Male,169.146.39.123
4,Ivar,Roft,iroft3@feedburner.com,Male,160.94.144.120
5,Elinor,Orton,eorton4@elegantthemes.com,Genderqueer,162.127.241.205
6,Janette,De Avenell,jdeavenell5@tripadvisor.com,Female,139.1.125.118
7,Phylis,Scotchmoor,pscotchmoor6@whitehouse.gov,Female,152.106.69.45
8,Verney,Feldhammer,vfeldhammer7@example.com,Male,116.42.248.45
9,Leonore,Mullord,lmullord8@theguardian.com,Female,159.143.32.81
10,Dallas,O'Cahill,docahill9@simplemachines.org,Male,53.152.248.79
11,Moll,Cowins,mcowinsa@wunderground.com,Female,13.208.142.52
12,Suzann,Curran,scurranb@jimdo.com,Female,225.8.75.189
13,Cash,Sherel,csherelc@umn.edu,Male,255.129.214.104
14,Olag,Resun,oresund@php.net,Male,202.237.254.27
15,Immanuel,Housecroft,ihousecrofte@blogspot.com,Male,33.250.192.17
16,Bank,Santon,bsantonf@seesaa.net,Male,187.97.205.240
17,Ferdinande,Holehouse,fholehouseg@free.fr,Non-binary,141.29.107.189
18,Dorisa,Cowely,dcowelyh@i2i.jp,Genderqueer,252.243.229.81
19,Lane,Dunnett,ldunnetti@phpbb.com,Female,195.88.204.177
20,Levi,Fawks,lfawksj@tuttocitta.it,Male,53.204.32.30
21,Hubert,Lewton,hlewtonk@storify.com,Male,152.27.114.77
22,Conway,Bernet,cbernetl@omniture.com,Male,197.97.141.79
23,Jerry,Tippler,jtipplerm@intel.com,Male,139.203.167.57
24,Ambrose,Bedell,abedelln@seesaa.net,Male,154.243.131.197
25,Dedie,Muccino,dmuccinoo@delicious.com,Female,0.34.182.225
26,Lucio,Gauvin,lgauvinp@squidoo.com,Polygender,144.179.40.81
27,Padraic,Brasier,pbrasierq@devhub.com,Male,250.113.18.60
28,Ulrich,Gledstane,ugledstaner@home.pl,Male,200.213.187.16
29,Burlie,Vuitte,bvuittes@mozilla.org,Male,86.196.253.63
30,Jermaine,Francescozzi,jfrancescozzit@house.gov,Male,211.96.46.91
31,Alane,Kilgrove,akilgroveu@nytimes.com,Female,42.65.196.136
32,Cleo,Yuryatin,cyuryatinv@mit.edu,Female,141.233.119.137
33,Alaric,Grayne,agraynew@mlb.com,Male,64.37.180.74
34,Jarad,Pindred,jpindredx@netlog.com,Male,248.55.245.76
35,Arlena,Marti,amartiy@drupal.org,Female,76.62.117.133
36,Celestine,Card,ccardz@gov.uk,Female,102.122.94.115
37,Eddie,Pike,epike10@state.tx.us,Non-binary,65.68.78.234
38,Iggie,Cabane,icabane11@netlog.com,Male,83.156.254.174
39,Maureen,Walczak,mwalczak12@desdev.cn,Female,113.62.177.148
40,Nathalie,McClenan,nmcclenan13@etsy.com,Female,57.248.62.186
41,Chet,Josefson,cjosefson14@google.ca,Male,61.100.3.99
42,Alexis,Withrop,awithrop15@1und1.de,Female,68.217.54.0
43,Dex,Jachimczak,djachimczak16@ustream.tv,Male,33.12.31.27
44,Zarla,Whight,zwhight17@twitpic.com,Female,46.178.205.181
45,Evelin,Hutcheon,ehutcheon18@nbcnews.com,Male,105.100.80.147
46,Devland,Brussell,dbrussell19@google.ru,Male,77.185.199.132
47,Celine,Denisovo,cdenisovo1a@blogtalkradio.com,Female,124.62.235.183
48,Toddie,Bloomfield,tbloomfield1b@nps.gov,Male,100.67.149.22
49,Davey,Pinwill,dpinwill1c@yellowpages.com,Male,51.93.103.240
50,Cathrine,Goodburn,cgoodburn1d@wired.com,Female,75.205.65.178
51,Giffie,Jerram,gjerram1e@nps.gov,Male,181.218.108.93
52,Aubry,Fowlston,afowlston1f@usa.gov,Female,107.175.5.227
53,Lonny,Verne,lverne1g@google.co.uk,Male,149.53.143.11
54,Belicia,Bachelor,bbachelor1h@scientificamerican.com,Female,42.117.59.96
55,Huey,Meenehan,hmeenehan1i@umn.edu,Bigender,251.240.138.227
56,Timmi,Ambage,tambage1j@de.vu,Female,6.14.86.20
57,Prudy,Ronisch,pronisch1k@infoseek.co.jp,Female,243.24.202.65
58,Gretal,Haslewood,ghaslewood1l@histats.com,Female,250.155.204.20
59,Averill,Knightsbridge,aknightsbridge1m@ycombinator.com,Male,190.254.59.254
60,Chiarra,Blaszczak,cblaszczak1n@sohu.com,Female,86.66.184.0
61,Jason,Toffanelli,jtoffanelli1o@discuz.net,Male,95.175.124.40
62,Pauli,Struijs,pstruijs1p@myspace.com,Female,56.252.213.175
63,Hagan,O'Reilly,horeilly1q@networksolutions.com,Male,248.4.209.79
64,Daryle,Passingham,dpassingham1r@squarespace.com,Male,225.184.204.198
65,Humfried,Healeas,hhealeas1s@sitemeter.com,Male,72.188.100.61
66,Vale,Chmiel,vchmiel1t@latimes.com,Female,85.87.212.182
67,Hugues,Mosley,hmosley1u@telegraph.co.uk,Male,11.22.132.43
68,Bibi,Fenich,bfenich1v@xrea.com,Female,1.241.49.160
69,Juline,Kobel,jkobel1w@homestead.com,Female,230.52.190.18
70,Aloise,De Hooch,adehooch1x@sciencedaily.com,Genderqueer,26.29.155.180
71,Margret,Goodhall,mgoodhall1y@imdb.com,Female,6.231.77.179
72,Welby,Hammarberg,whammarberg1z@eventbrite.com,Male,226.86.65.35
73,Fredelia,Gofford,fgofford20@cpanel.net,Female,157.115.102.161
74,Anette,Queen,aqueen21@webeden.co.uk,Female,190.160.165.255
75,Margeaux,Dadge,mdadge22@pbs.org,Female,15.132.209.250
76,Vic,Luca,vluca23@ezinearticles.com,Male,129.236.1.151
77,Carrol,Bonsul,cbonsul24@artisteer.com,Male,145.137.237.115
78,Marijo,Fellini,mfellini25@arstechnica.com,Female,112.127.131.29
79,Darcy,Sand,dsand26@meetup.com,Male,13.166.206.64
80,Clerissa,Maltman,cmaltman27@japanpost.jp,Female,74.68.78.9
81,Layne,Tomini,ltomini28@scribd.com,Female,39.122.214.101
82,Pansy,Van der Veldt,pvanderveldt29@google.com.au,Female,181.131.7.37
83,Geri,Beeken,gbeeken2a@epa.gov,Male,89.251.51.250
84,Heddie,Gasgarth,hgasgarth2b@cloudflare.com,Female,54.26.13.95
85,Hamid,McElroy,hmcelroy2c@etsy.com,Male,143.162.241.212
86,Chrisse,Braddock,cbraddock2d@bigcartel.com,Male,5.255.153.205
87,Derwin,Carillo,dcarillo2e@google.pl,Male,61.31.207.140
88,Sampson,Roderigo,sroderigo2f@cyberchimps.com,Male,250.40.92.251
89,Allys,Oxenden,aoxenden2g@wiley.com,Female,47.117.27.122
90,Ailey,Manners,amanners2h@ft.com,Female,227.10.148.193
91,Chet,Craker,ccraker2i@mapy.cz,Genderqueer,247.254.3.203
92,Bartel,Wickett,bwickett2j@technorati.com,Male,62.76.42.168
93,Jerrine,Jeandet,jjeandet2k@mapquest.com,Female,147.155.80.234
94,Lindy,Bolderson,lbolderson2l@latimes.com,Female,194.143.177.3
95,Tamara,Jowle,tjowle2m@marriott.com,Female,31.7.140.196
96,Chauncey,Gowlett,cgowlett2n@ask.com,Male,19.30.79.25
97,Darcey,McKoy,dmckoy2o@google.com.au,Female,221.245.212.233
98,Jeremy,Jirik,jjirik2p@edublogs.org,Male,138.121.232.37
99,Tamera,Rumble,trumble2q@ning.com,Female,98.206.211.26
100,Charleen,Dot,cdot2r@upenn.edu,Female,42.231.41.125
101,Taite,Kinnon,tkinnon2s@ihg.com,Male,220.26.123.193
102,Linoel,Witherspoon,lwitherspoon2t@theatlantic.com,Male,107.67.177.13
103,Letti,Sooper,lsooper2u@51.la,Female,150.107.128.235
104,Farleigh,Bollon,fbollon2v@tripod.com,Male,90.86.110.168
105,Chariot,Jeannon,cjeannon2w@weibo.com,Male,22.109.21.67
106,Vassily,Pepis,vpepis2x@archive.org,Male,106.168.114.64
107,Martica,Boule,mboule2y@123-reg.co.uk,Female,178.22.87.8
108,Riccardo,Giannazzo,rgiannazzo2z@japanpost.jp,Male,90.5.43.29
109,Marian,Fitchen,mfitchen30@about.com,Female,113.242.197.234
110,Marcelo,Partlett,mpartlett31@harvard.edu,Non-binary,104.52.132.173
111,Marchall,Vallantine,mvallantine32@vkontakte.ru,Male,151.250.227.158
112,Alec,Guynemer,aguynemer33@biblegateway.com,Male,87.221.93.113
113,Rainer,Bruhke,rbruhke34@reverbnation.com,Male,62.73.132.231
114,Ogden,Reynoollds,oreynoollds35@economist.com,Polygender,74.252.197.97
115,Sibylla,Ashlee,sashlee36@twitter.com,Female,44.85.13.70
116,Catie,Littlemore,clittlemore37@imdb.com,Female,187.1.143.209
117,Darlleen,Baggs,dbaggs38@nbcnews.com,Female,125.182.21.49
118,Griff,Malletratt,gmalletratt39@washingtonpost.com,Male,117.6.141.9
119,Frieda,Whiffin,fwhiffin3a@shinystat.com,Bigender,141.44.86.219
120,Burnard,Cremen,bcremen3b@ezinearticles.com,Male,133.50.253.216
121,Sylvester,Tolcher,stolcher3c@google.fr,Male,247.239.166.160
122,Caresse,Camelli,ccamelli3d@virginia.edu,Female,34.46.220.197
123,Francisco,Fernanando,ffernanando3e@smh.com.au,Male,19.2.196.80
124,Sancho,Pettwood,spettwood3f@creativecommons.org,Male,74.113.250.87
125,Bathsheba,Ayce,bayce3g@friendfeed.com,Female,22.109.60.242
126,Calla,Davern,cdavern3h@opera.com,Female,230.80.31.243
127,Gaye,Prahm,gprahm3i@comsenz.com,Female,32.140.189.146
128,Morlee,Dockree,mdockree3j@upenn.edu,Male,58.35.6.244
129,Chaddie,Guerreru,cguerreru3k@cisco.com,Male,172.39.207.229
130,Saw,Rableau,srableau3l@phpbb.com,Male,131.46.80.139
131,Adrian,Seymer,aseymer3m@apple.com,Male,80.11.60.143
132,Robinette,Belt,rbelt3n@cdc.gov,Female,245.143.75.235
133,Noll,Brito,nbrito3o@stanford.edu,Male,63.53.93.190
134,Abby,Braley,abraley3p@webnode.com,Female,32.54.53.227
135,Griswold,Jestico,gjestico3q@ezinearticles.com,Male,211.255.129.77
136,Esma,Bewshea,ebewshea3r@instagram.com,Female,59.18.50.155
137,Benn,Metcalf,bmetcalf3s@ovh.net,Male,48.106.145.155
138,Ari,Ratie,aratie3t@google.com,Male,97.95.35.20
139,Bennett,Wood,bwood3u@seesaa.net,Male,189.97.193.195
140,Jackelyn,Dussy,jdussy3v@deviantart.com,Female,17.217.227.229
141,Bobbe,Dioniso,bdioniso3w@independent.co.uk,Female,54.191.41.219
142,Konrad,Towll,ktowll3x@ning.com,Male,90.13.128.242
143,Aubrette,Mafham,amafham3y@cbslocal.com,Female,96.108.32.71
144,Fern,Hudson,fhudson3z@un.org,Female,243.83.124.46
145,Brandon,Jansky,bjansky40@craigslist.org,Male,37.144.36.164
146,Gusella,Redfearn,gredfearn41@cafepress.com,Female,55.142.81.255
147,Britt,Berryann,bberryann42@odnoklassniki.ru,Female,84.145.58.8
148,Manda,Apedaile,mapedaile43@joomla.org,Female,28.110.72.149
149,Gage,Loveguard,gloveguard44@quantcast.com,Male,251.125.243.175
150,Britt,Connaughton,bconnaughton45@npr.org,Male,112.53.7.246
151,Carolyne,Bedham,cbedham46@skype.com,Female,155.63.191.212
152,Nikki,Crossland,ncrossland47@smh.com.au,Male,122.230.173.185
153,Joellen,Lesaunier,jlesaunier48@nasa.gov,Genderqueer,19.249.33.233
154,Boonie,Bennis,bbennis49@netvibes.com,Polygender,250.12.230.53
155,Starlene,McCluin,smccluin4a@webs.com,Female,237.23.166.3
156,Gretal,Arling,garling4b@alexa.com,Female,33.195.154.108
157,Mitch,Safhill,msafhill4c@phpbb.com,Male,97.50.94.197
158,Dorothea,Dales,ddales4d@marriott.com,Female,72.78.209.22
159,Horten,Jacobowits,hjacobowits4e@infoseek.co.jp,Male,141.188.172.46
160,Jermayne,Kindall,jkindall4f@canalblog.com,Male,198.115.202.81
161,Phyllys,Domke,pdomke4g@theglobeandmail.com,Female,51.202.103.174
162,Leta,Tonry,ltonry4h@jalbum.net,Female,7.221.186.253
163,Vanya,Scobbie,vscobbie4i@hostgator.com,Bigender,15.216.135.61
164,Ogdon,Ortes,oortes4j@w3.org,Male,100.87.194.36
165,Bert,Parrott,bparrott4k@studiopress.com,Male,246.246.89.130
166,Freeman,Zammitt,fzammitt4l@nps.gov,Male,121.59.149.43
167,Tailor,Stonnell,tstonnell4m@bloomberg.com,Male,74.83.31.176
168,Rachael,Folbige,rfolbige4n@ycombinator.com,Female,80.14.223.231
169,Amandie,Halliberton,ahalliberton4o@goodreads.com,Genderfluid,220.246.141.13
170,Heriberto,Usborn,husborn4p@drupal.org,Male,68.82.62.72
171,Carrissa,Jacobowicz,cjacobowicz4q@acquirethisname.com,Female,104.141.209.35
172,Ermanno,Archell,earchell4r@unblog.fr,Male,76.223.246.228
173,Rossy,Passey,rpassey4s@friendfeed.com,Male,121.100.204.132
174,Bertrando,Guyton,bguyton4t@amazon.com,Male,27.57.49.213
175,Storm,Madsen,smadsen4u@networksolutions.com,Female,224.151.185.40
176,Candis,Bollini,cbollini4v@ebay.co.uk,Female,24.175.55.92
177,Luke,Pratton,lpratton4w@squarespace.com,Male,133.74.13.139
178,Darn,Redborn,dredborn4x@army.mil,Male,109.36.168.199
179,Eddy,Amys,eamys4y@adobe.com,Male,41.170.200.239
180,Arly,People,apeople4z@netscape.com,Female,198.156.29.62
181,Maurie,Blackden,mblackden50@home.pl,Male,225.118.2.111
182,Nesta,Kusick,nkusick51@forbes.com,Female,1.243.190.238
183,Diahann,Elldred,delldred52@networkadvertising.org,Female,252.205.28.68
184,Gabey,Cassius,gcassius53@mit.edu,Female,188.219.75.214
185,Anton,Fawdrie,afawdrie54@moonfruit.com,Male,10.229.222.173
186,Harbert,Keeves,hkeeves55@mozilla.org,Male,120.71.241.164
187,Jerrie,Scohier,jscohier56@answers.com,Female,26.159.50.7
188,Drucy,Gallaway,dgallaway57@zimbio.com,Female,193.158.112.35
189,Gan,Lumsdale,glumsdale58@addthis.com,Male,200.169.19.197
190,Clay,Treadwell,ctreadwell59@unblog.fr,Male,94.152.201.111
191,Aldwin,Renault,arenault5a@businesswire.com,Male,105.45.220.108
192,Benjamen,Boneham,bboneham5b@digg.com,Male,172.62.5.118
193,Nelia,Glanert,nglanert5c@youtu.be,Female,135.25.5.203
194,Marshall,Sinclar,msinclar5d@epa.gov,Agender,187.166.59.68
195,Kahlil,Lyptrade,klyptrade5e@blogspot.com,Male,182.232.209.240
196,Mignon,Ravilus,mravilus5f@oracle.com,Female,42.238.196.18
197,Avril,Hurleston,ahurleston5g@a8.net,Non-binary,230.120.67.80
198,Quintus,Skain,qskain5h@cornell.edu,Male,223.210.202.86
199,Risa,Cureton,rcureton5i@shinystat.com,Female,176.125.75.153
200,Aldus,Jeffryes,ajeffryes5j@addtoany.com,Male,237.249.66.45
201,Brenda,Sowte,bsowte5k@netlog.com,Female,95.217.157.176
202,Victoria,Tinman,vtinman5l@house.gov,Female,105.10.87.217
203,Tad,Zelner,tzelner5m@w3.org,Male,148.19.241.47
204,Rik,Mariel,rmariel5n@360.cn,Male,76.12.100.47
205,Elianore,McGhee,emcghee5o@xing.com,Bigender,184.103.163.150
206,Ronica,Nerney,rnerney5p@google.co.jp,Female,162.44.152.59
207,Vittoria,Willcox,vwillcox5q@theguardian.com,Female,23.200.6.35
208,Charmion,Gall,cgall5r@java.com,Non-binary,139.62.54.235
209,Wilhelmine,Darcey,wdarcey5s@jiathis.com,Female,246.152.52.43
210,Taddeo,Coatts,tcoatts5t@nasa.gov,Male,67.212.17.192
211,Anjela,Camfield,acamfield5u@ustream.tv,Female,102.139.82.145
212,Bette,Hallede,bhallede5v@aol.com,Female,237.212.207.133
213,Christiane,Swanne,cswanne5w@dyndns.org,Female,108.34.106.23
214,Carmine,Tingley,ctingley5x@wired.com,Agender,85.241.159.187
215,Torin,McNeill,tmcneill5y@naver.com,Male,26.128.238.167
216,Stormi,Borne,sborne5z@loc.gov,Female,199.169.1.24
217,Steven,Calderonello,scalderonello60@ifeng.com,Male,16.169.54.55
218,Car,Tapson,ctapson61@skype.com,Male,96.157.6.67
219,Boot,Shird,bshird62@shinystat.com,Male,95.198.38.148
220,Ardis,Clemence,aclemence63@guardian.co.uk,Female,56.121.65.239
221,Birgit,Paulisch,bpaulisch64@google.co.uk,Female,212.151.206.126
222,Cynthie,Phipson,cphipson65@plala.or.jp,Genderfluid,151.75.152.181
223,Elbert,Furmonger,efurmonger66@apache.org,Male,47.210.243.223
224,Philip,Clubley,pclubley67@bbc.co.uk,Male,13.75.220.143
225,Judith,Dislee,jdislee68@youku.com,Female,194.147.200.125
226,Quincy,Caplis,qcaplis69@pen.io,Male,48.42.156.22
227,Shelley,Cords,scords6a@blogger.com,Male,228.98.143.21
228,Pauly,Pettis,ppettis6b@marriott.com,Female,234.80.200.21
229,Gradeigh,Doxey,gdoxey6c@angelfire.com,Male,77.175.105.55
230,Martyn,Raymont,mraymont6d@fastcompany.com,Male,86.135.38.65
231,Beckie,Bradburn,bbradburn6e@springer.com,Female,103.190.115.175
232,Kiri,Frisdick,kfrisdick6f@amazonaws.com,Female,87.219.123.14
233,Beau,Madge,bmadge6g@thetimes.co.uk,Agender,26.212.111.22
234,Chrissy,Muffitt,cmuffitt6h@imageshack.us,Agender,73.6.128.106
235,Willetta,Sloyan,wsloyan6i@weebly.com,Female,153.119.235.91
236,Debee,Jancey,djancey6j@wp.com,Female,141.75.182.142
237,Keen,Whiston,kwhiston6k@dell.com,Male,26.131.69.45
238,Gram,Oda,goda6l@tuttocitta.it,Male,92.157.177.125
239,Karney,Hacquard,khacquard6m@mtv.com,Male,188.107.186.126
240,Jackie,Matresse,jmatresse6n@sciencedirect.com,Female,227.142.133.79
241,Kissie,Raleston,kraleston6o@jalbum.net,Female,142.87.195.66
242,Cherey,Posen,cposen6p@berkeley.edu,Female,19.48.190.199
243,Fernanda,Gager,fgager6q@netvibes.com,Female,174.14.15.77
244,Wilburt,Loddy,wloddy6r@cbslocal.com,Genderqueer,32.211.179.12
245,Bride,Boydell,bboydell6s@dion.ne.jp,Female,125.236.198.138
246,Gery,Josefowicz,gjosefowicz6t@indiatimes.com,Male,212.49.20.180
247,Allister,Delgaty,adelgaty6u@springer.com,Male,71.50.235.131
248,Brockie,Edelheid,bedelheid6v@theguardian.com,Male,77.89.253.128
249,Elden,Harkness,eharkness6w@alexa.com,Male,187.133.15.96
250,Fania,Ollivier,follivier6x@facebook.com,Genderfluid,90.24.199.130
251,Moss,Yurmanovev,myurmanovev6y@narod.ru,Male,8.19.92.193
252,Tybie,Bogies,tbogies6z@odnoklassniki.ru,Female,212.27.210.175
253,Valry,Denmead,vdenmead70@gizmodo.com,Female,43.182.85.26
254,Upton,Olyff,uolyff71@fda.gov,Male,234.212.129.105
255,Feliza,Rozenbaum,frozenbaum72@free.fr,Female,103.140.106.237
256,Jon,Donovin,jdonovin73@amazon.co.uk,Male,12.41.53.46
257,Pepi,Brinson,pbrinson74@upenn.edu,Female,136.108.236.253
258,Thorny,Henworth,thenworth75@taobao.com,Male,218.46.26.202
259,Rutherford,Blennerhassett,rblennerhassett76@elegantthemes.com,Male,73.244.253.165
260,Mercedes,Clyde,mclyde77@google.com.hk,Female,135.100.147.128
261,Reinhard,Osant,rosant78@webeden.co.uk,Male,236.180.80.61
262,Andromache,Currao,acurrao79@amazonaws.com,Female,203.244.8.53
263,Ad,Shoemark,ashoemark7a@reference.com,Male,158.166.109.244
264,Alleen,Ryrie,aryrie7b@1und1.de,Female,254.168.20.37
265,Doralynne,Artist,dartist7c@state.tx.us,Female,95.219.140.199
266,Dick,Marty,dmarty7d@skyrock.com,Male,176.141.101.125
267,Isabelle,Ivanovic,iivanovic7e@spotify.com,Female,214.233.10.175
268,Artemus,MacNeil,amacneil7f@bbc.co.uk,Male,36.104.130.124
269,Trip,Thomasen,tthomasen7g@vk.com,Male,80.227.27.124
270,Mara,Tevelov,mtevelov7h@bbc.co.uk,Female,114.241.6.253
271,Teddie,Thieme,tthieme7i@fema.gov,Male,48.220.136.212
272,Bea,Ruste,bruste7j@themeforest.net,Female,119.69.193.95
273,Trix,Edgeler,tedgeler7k@upenn.edu,Female,66.181.1.96
274,Garrik,Reely,greely7l@europa.eu,Male,40.234.107.228
275,Kacie,Gerlts,kgerlts7m@nature.com,Female,217.41.205.82
276,Ursuline,Perigoe,uperigoe7n@scientificamerican.com,Female,142.186.112.216
277,Heath,Gerardot,hgerardot7o@jalbum.net,Female,212.120.253.28
278,Lane,Bessom,lbessom7p@fastcompany.com,Male,197.153.195.115
279,Niki,Erratt,nerratt7q@4shared.com,Male,198.205.27.254
280,Shelley,Shortt,sshortt7r@themeforest.net,Male,83.15.228.31
281,Nerta,Bavister,nbavister7s@shinystat.com,Female,252.162.78.107
282,Carolan,Whightman,cwhightman7t@discuz.net,Female,81.128.225.104
283,Preston,Grimolbie,pgrimolbie7u@technorati.com,Male,250.109.145.20
284,Lauryn,Kiddie,lkiddie7v@narod.ru,Female,147.177.245.239
285,Ree,Stonnell,rstonnell7w@state.gov,Female,95.46.48.196
286,Yetta,Kinchley,ykinchley7x@hatena.ne.jp,Female,10.171.17.169
287,Nils,Downing,ndowning7y@goo.ne.jp,Male,7.198.4.127
288,Nerti,Moresby,nmoresby7z@bloglovin.com,Female,83.6.77.99
289,Maryrose,Bramble,mbramble80@cnbc.com,Female,199.167.109.123
290,Larina,Caveney,lcaveney81@domainmarket.com,Female,39.50.112.1
291,Gabriele,Gorelli,ggorelli82@constantcontact.com,Male,231.35.100.35
292,Rheba,Bischof,rbischof83@shutterfly.com,Female,80.52.116.226
293,Anthe,Straughan,astraughan84@wisc.edu,Female,154.29.87.107
294,Megan,Pawelski,mpawelski85@yolasite.com,Female,177.19.253.241
295,Norah,Andersch,nandersch86@globo.com,Female,82.177.106.213
296,Bail,Hitcham,bhitcham87@blogs.com,Male,132.110.46.125
297,Gerti,Hemms,ghemms88@nymag.com,Female,82.158.6.139
298,Malynda,Ransfield,mransfield89@tinyurl.com,Female,62.23.76.15
299,Annalee,Abrashkin,aabrashkin8a@cbsnews.com,Female,231.254.127.0
300,Benoit,Lucio,blucio8b@indiatimes.com,Male,119.193.125.216
301,Jere,Bedham,jbedham8c@domainmarket.com,Male,170.42.58.107
302,Klemens,O'Corrigane,kocorrigane8d@biglobe.ne.jp,Male,7.240.139.5
303,Kippie,Breslauer,kbreslauer8e@yelp.com,Female,159.123.39.222
304,Cosme,Bernaldez,cbernaldez8f@paypal.com,Male,170.155.68.151
305,Darice,Hurdman,dhurdman8g@ucsd.edu,Female,231.43.137.182
306,Fee,Crownshaw,fcrownshaw8h@harvard.edu,Male,234.133.129.124
307,Marti,Crabb,mcrabb8i@sitemeter.com,Female,229.111.164.83
308,Gusta,Phelps,gphelps8j@marketwatch.com,Female,140.170.168.81
309,Martita,Dagwell,mdagwell8k@vistaprint.com,Female,136.2.78.89
310,Shanan,Morrad,smorrad8l@amazon.co.uk,Male,174.65.186.238
311,Mead,Aitchison,maitchison8m@prlog.org,Female,253.173.67.39
312,Linn,Dye,ldye8n@comcast.net,Male,218.235.143.226
313,Xavier,Pipkin,xpipkin8o@fotki.com,Male,230.106.3.165
314,Fawnia,Gremain,fgremain8p@go.com,Female,168.182.202.41
315,Madelina,Hackelton,mhackelton8q@mayoclinic.com,Female,151.128.246.233
316,Paula,Longlands,plonglands8r@google.fr,Female,29.42.163.14
317,Melinde,Eddy,meddy8s@dyndns.org,Female,19.244.250.52
318,Yvor,Breckwell,ybreckwell8t@skyrock.com,Polygender,70.162.149.228
319,Idelle,Worling,iworling8u@xinhuanet.com,Female,171.87.166.87
320,Phillipp,Henkens,phenkens8v@nih.gov,Male,19.162.177.84
321,Franny,Lockart,flockart8w@free.fr,Female,51.200.182.211
322,Alessandro,Shalders,ashalders8x@businessinsider.com,Male,126.210.141.48
323,Gardener,Pinnell,gpinnell8y@adobe.com,Male,141.104.197.119
324,Johann,Mallows,jmallows8z@umn.edu,Male,193.15.184.252
325,Florri,Chesnay,fchesnay90@irs.gov,Female,133.57.203.237
326,Windham,Belshaw,wbelshaw91@devhub.com,Male,234.251.126.74
327,Arnold,Bartke,abartke92@zdnet.com,Male,26.36.135.40
328,Em,Walster,ewalster93@over-blog.com,Male,164.34.50.226
329,Hastie,Flarity,hflarity94@wordpress.com,Male,87.192.18.113
330,Suellen,Churches,schurches95@dot.gov,Polygender,150.227.196.117
331,Vanya,Wendover,vwendover96@tripod.com,Male,27.56.181.94
332,Lissie,Brandenburg,lbrandenburg97@pen.io,Female,225.130.0.107
333,Haywood,Sellers,hsellers98@issuu.com,Non-binary,221.138.115.180
334,Carroll,Szepe,cszepe99@spotify.com,Female,147.35.36.74
335,Domeniga,de Chastelain,ddechastelain9a@wix.com,Female,214.139.62.166
336,Hal,Lettington,hlettington9b@meetup.com,Male,52.10.89.165
337,Lorelle,Hertwell,lhertwell9c@msu.edu,Female,120.72.173.86
338,Myrtle,Sitlington,msitlington9d@com.com,Female,165.179.136.160
339,Burch,Hartgill,bhartgill9e@sfgate.com,Male,39.2.221.175
340,Beatrice,Welfare,bwelfare9f@rambler.ru,Non-binary,113.196.3.126
341,Bartolemo,Bunyard,bbunyard9g@discovery.com,Male,194.1.75.99
342,Nicolis,Netti,nnetti9h@yolasite.com,Male,9.101.214.109
343,Ellene,Ivison,eivison9i@bizjournals.com,Female,24.196.188.39
344,Welby,Yearron,wyearron9j@whitehouse.gov,Male,99.188.60.56
345,Sib,Whinray,swhinray9k@last.fm,Female,198.8.250.110
346,Stavro,Gendricke,sgendricke9l@furl.net,Male,124.95.7.123
347,Casey,O'Clery,coclery9m@gravatar.com,Male,4.99.103.68
348,Eugenie,Nelthorp,enelthorp9n@nps.gov,Female,1.113.228.78
349,Saunder,Rodolf,srodolf9o@delicious.com,Male,80.74.182.40
350,Bale,Wasiela,bwasiela9p@ucoz.ru,Male,200.42.3.92
351,Janene,Bowling,jbowling9q@apache.org,Polygender,217.167.52.121
352,Cross,Drewet,cdrewet9r@nature.com,Male,59.3.95.33
353,Engelbert,Hightown,ehightown9s@bravesites.com,Male,181.47.97.244
354,Arthur,Anfonsi,aanfonsi9t@jimdo.com,Male,162.10.228.253
355,Hedda,Champagne,hchampagne9u@harvard.edu,Female,99.192.30.169
356,Ralina,Ellaway,rellaway9v@yahoo.co.jp,Female,151.121.183.239
357,Jeffy,Perello,jperello9w@eepurl.com,Male,56.27.122.141
358,Zora,Waterhous,zwaterhous9x@nih.gov,Female,36.51.156.223
359,Dionis,Apple,dapple9y@admin.ch,Female,73.1.46.186
360,Sheffield,Brunger,sbrunger9z@de.vu,Male,255.193.194.1
361,Bridget,Bergeau,bbergeaua0@cmu.edu,Female,25.111.132.189
362,Jocelyne,Jakoub,jjakouba1@cocolog-nifty.com,Genderqueer,62.215.236.117
363,Port,McMains,pmcmainsa2@slashdot.org,Male,160.61.197.86
364,Stillman,Fido,sfidoa3@bloglovin.com,Male,132.87.37.249
365,Libbey,Thay,lthaya4@cargocollective.com,Female,8.110.118.154
366,Donn,Baynom,dbaynoma5@about.me,Male,102.2.201.20
367,Joyous,Balas,jbalasa6@mapy.cz,Female,34.77.202.163
368,Glynn,Elan,gelana7@com.com,Male,214.234.216.49
369,Micheline,Isacq,misacqa8@wunderground.com,Female,191.208.17.92
370,Ainslee,Lemon,alemona9@digg.com,Female,2.152.125.4
371,Jami,Regus,jregusaa@army.mil,Female,121.106.44.96
372,Kippie,Archambault,karchambaultab@wunderground.com,Female,205.200.189.206
373,Killie,Bolzmann,kbolzmannac@usda.gov,Male,212.107.206.107
374,Michal,Lincey,mlinceyad@topsy.com,Female,205.156.109.195
375,Korey,McGilvary,kmcgilvaryae@dell.com,Male,221.71.16.122
376,Codi,McBeth,cmcbethaf@answers.com,Female,159.16.86.28
377,Elayne,Gavini,egaviniag@omniture.com,Female,11.94.176.183
378,Early,Batie,ebatieah@tumblr.com,Bigender,122.82.154.161
379,Rhys,Shilito,rshilitoai@godaddy.com,Male,184.221.217.249
380,Kelly,Peasby,kpeasbyaj@blinklist.com,Male,247.169.41.174
381,Matty,Undrill,mundrillak@flickr.com,Male,117.241.122.180
382,Milzie,Markushkin,mmarkushkinal@topsy.com,Female,236.31.250.29
383,Butch,Onraet,bonraetam@kickstarter.com,Genderfluid,141.45.196.223
384,Gaelan,Shreve,gshrevean@apache.org,Male,166.203.127.253
385,Bernadene,Rosewell,brosewellao@amazon.de,Female,250.159.219.26
386,Brook,Patchett,bpatchettap@prnewswire.com,Female,84.94.13.208
387,Flossi,Canape,fcanapeaq@paypal.com,Female,232.39.99.59
388,Bonita,Larratt,blarrattar@alexa.com,Female,123.136.143.154
389,Austin,Yegorkin,ayegorkinas@quantcast.com,Polygender,13.50.247.137
390,Lynnell,Rainy,lrainyat@ihg.com,Female,61.221.157.6
391,Adair,Du Fray,adufrayau@sakura.ne.jp,Bigender,74.165.83.234
392,Iormina,McCorrie,imccorrieav@biblegateway.com,Female,6.95.42.62
393,Lemmie,Tabart,ltabartaw@wikispaces.com,Male,58.205.197.168
394,Carlen,Astbury,castburyax@accuweather.com,Female,190.152.140.252
395,Norby,Gabriely,ngabrielyay@salon.com,Male,165.255.161.106
396,Zenia,Sothern,zsothernaz@ed.gov,Agender,72.130.195.73
397,Dyna,Linger,dlingerb0@squidoo.com,Female,41.226.17.68
398,Reynard,Woolfoot,rwoolfootb1@webnode.com,Genderqueer,84.223.135.153
399,Fransisco,Lysons,flysonsb2@eventbrite.com,Male,239.94.167.216
400,Merrel,Buttfield,mbuttfieldb3@printfriendly.com,Male,82.174.42.61
401,Kamila,Pegler,kpeglerb4@archive.org,Female,147.100.105.129
402,Catarina,Bault,cbaultb5@state.gov,Female,81.220.53.78
403,Husain,Johananov,hjohananovb6@taobao.com,Male,105.207.101.175
404,Vinson,Geach,vgeachb7@aol.com,Male,191.36.80.126
405,Verge,Hanway,vhanwayb8@reference.com,Male,252.110.85.77
406,Mateo,Lefridge,mlefridgeb9@mit.edu,Male,35.93.239.45
407,Avrom,Collard,acollardba@51.la,Male,136.78.25.176
408,Travers,Tinkler,ttinklerbb@tripadvisor.com,Male,136.245.37.238
409,Sayre,Brimmicombe,sbrimmicombebc@webmd.com,Agender,54.175.174.164
410,Ethelind,Josebury,ejoseburybd@google.cn,Female,156.80.181.198
411,Godwin,Albasiny,galbasinybe@tinypic.com,Male,203.211.9.3
412,Clementia,Daniells,cdaniellsbf@mysql.com,Female,52.86.250.15
413,Hyacintha,Wainwright,hwainwrightbg@ezinearticles.com,Agender,36.28.251.40
414,Gaylord,Hansard,ghansardbh@marriott.com,Male,83.80.147.250
415,Celestine,Guinan,cguinanbi@surveymonkey.com,Female,116.136.248.27
416,Georgianne,Fidelli,gfidellibj@hubpages.com,Female,44.242.53.2
417,Stephana,Aaronsohn,saaronsohnbk@jiathis.com,Female,213.105.73.199
418,Caterina,Jeroch,cjerochbl@tinyurl.com,Female,53.25.79.120
419,Dory,Gherardi,dgherardibm@cmu.edu,Female,32.21.45.147
420,Dodie,Lunbech,dlunbechbn@tripadvisor.com,Female,255.103.47.200
421,Sebastien,Farady,sfaradybo@google.cn,Male,235.179.14.21
422,Tresa,Jerman,tjermanbp@mozilla.com,Female,105.89.78.253
423,Lark,Niesel,lnieselbq@foxnews.com,Female,131.108.21.151
424,Norry,Curlis,ncurlisbr@state.gov,Female,220.163.93.107
425,Rachael,Mival,rmivalbs@wired.com,Female,13.187.132.254
426,Frank,Rudolph,frudolphbt@cargocollective.com,Female,108.96.169.132
427,Hebert,Schuricke,hschurickebu@flickr.com,Male,193.16.224.185
428,Clim,Possel,cposselbv@sitemeter.com,Male,232.106.218.232
429,Kevan,Dell,kdellbw@dyndns.org,Male,169.207.138.142
430,Melinde,Hinrichsen,mhinrichsenbx@edublogs.org,Female,100.174.206.89
431,Rockwell,Coughan,rcoughanby@shop-pro.jp,Male,174.52.211.229
432,Consalve,Bautiste,cbautistebz@mtv.com,Male,220.123.230.186
433,Leslie,MacAndreis,lmacandreisc0@usatoday.com,Polygender,79.186.147.95
434,Mavra,Lehenmann,mlehenmannc1@slideshare.net,Genderqueer,73.185.133.218
435,Lucien,Bustin,lbustinc2@google.es,Male,202.2.61.101
436,Lindsay,Alennikov,lalennikovc3@wikia.com,Male,245.202.61.228
437,Taite,Rusling,truslingc4@fda.gov,Male,33.238.244.62
438,Brody,Shane,bshanec5@europa.eu,Male,165.209.84.136
439,Broddie,Foister,bfoisterc6@foxnews.com,Male,22.219.241.12
440,Alonzo,Bister,abisterc7@ovh.net,Male,114.122.116.74
441,Brandon,Meneur,bmeneurc8@4shared.com,Male,240.29.124.18
442,Karlotta,Town,ktownc9@earthlink.net,Female,0.219.60.14
443,Karlotte,Bes,kbesca@godaddy.com,Female,200.242.94.20
444,Udall,Hiskey,uhiskeycb@goo.ne.jp,Male,73.92.232.81
445,Leland,Burriss,lburrisscc@angelfire.com,Female,239.17.241.57
446,Pammi,Lennard,plennardcd@yellowpages.com,Female,208.230.42.189
447,Tiffy,Riditch,triditchce@cdbaby.com,Female,229.5.168.36
448,Hali,Barette,hbarettecf@mapquest.com,Female,202.56.161.194
449,Jamill,Blakeborough,jblakeboroughcg@fastcompany.com,Male,137.33.64.103
450,Lewes,Ackers,lackersch@microsoft.com,Male,203.149.198.167
451,Odelle,Blain,oblainci@yahoo.co.jp,Female,117.204.93.176
452,Yvon,Grote,ygrotecj@theguardian.com,Male,92.86.85.49
453,Bernardina,Dearnly,bdearnlyck@facebook.com,Bigender,88.144.171.138
454,Gearalt,Gilhooley,ggilhooleycl@ebay.com,Male,200.64.232.253
455,Bobby,Conyers,bconyerscm@bandcamp.com,Male,116.3.224.120
456,Raleigh,Nyssen,rnyssencn@canalblog.com,Bigender,183.65.36.124
457,Muffin,Burless,mburlessco@360.cn,Male,206.58.3.77
458,Stacey,Ive,sivecp@webnode.com,Female,65.56.121.117
459,Vally,Drew-Clifton,vdrewcliftoncq@loc.gov,Female,75.86.5.12
460,Clemente,Monteaux,cmonteauxcr@prlog.org,Male,139.182.162.222
461,Serena,Weed,sweedcs@hostgator.com,Female,251.143.42.94
462,Felic,McCafferky,fmccafferkyct@plala.or.jp,Male,217.46.223.52
463,Itch,MacKegg,imackeggcu@amazon.co.jp,Male,113.192.185.34
464,Vida,Regus,vreguscv@g.co,Female,199.51.113.254
465,Ann-marie,Vanyutin,avanyutincw@slate.com,Female,137.11.141.28
466,Haze,MacMychem,hmacmychemcx@joomla.org,Male,30.254.66.184
467,Kelley,Schaffel,kschaffelcy@usda.gov,Female,15.254.117.64
468,Minerva,Aldrick,maldrickcz@guardian.co.uk,Female,6.93.76.75
469,Penrod,Hachette,phachetted0@scientificamerican.com,Male,13.162.159.61
470,Brier,Frisch,bfrischd1@dagondesign.com,Polygender,116.221.35.72
471,Sydney,Smullen,ssmullend2@jalbum.net,Male,90.189.243.63
472,Ebeneser,Hamson,ehamsond3@nature.com,Male,17.98.185.113
473,Thadeus,Stringman,tstringmand4@java.com,Bigender,111.206.177.106
474,Fred,Davoren,fdavorend5@imageshack.us,Female,134.18.123.217
475,Wilmette,Mulhall,wmulhalld6@shinystat.com,Female,151.168.0.48
476,Bonita,Yurkin,byurkind7@cloudflare.com,Female,144.243.93.89
477,Tomas,Fleetham,tfleethamd8@wiley.com,Male,45.68.83.212
478,Jimmie,Barneville,jbarnevilled9@geocities.com,Male,141.49.211.210
479,Daven,Wolters,dwoltersda@zdnet.com,Male,32.110.47.190
480,Malina,Joye,mjoyedb@skyrock.com,Female,59.35.232.31
481,Penelope,Toth,ptothdc@unc.edu,Female,24.176.171.116
482,Romola,Dilks,rdilksdd@jigsy.com,Female,176.179.255.109
483,Drucy,Sirette,dsirettede@i2i.jp,Female,187.72.246.36
484,Mikey,Hearnden,mhearndendf@seesaa.net,Male,135.205.197.181
485,Nessy,Nussen,nnussendg@uol.com.br,Polygender,87.73.248.21
486,Emogene,Crowth,ecrowthdh@acquirethisname.com,Female,247.182.120.141
487,Claudina,Southorn,csouthorndi@ebay.com,Bigender,67.204.53.112
488,Alexei,Fance,afancedj@salon.com,Polygender,174.82.247.124
489,Ethelind,Roj,erojdk@wikipedia.org,Female,53.246.112.191
490,Adella,Adney,aadneydl@dedecms.com,Female,114.143.103.162
491,Adolf,Chedzoy,achedzoydm@europa.eu,Male,2.251.89.128
492,Dawna,Pengilley,dpengilleydn@army.mil,Female,196.64.153.178
493,Berenice,Blakely,bblakelydo@xrea.com,Female,56.113.88.79
494,Dud,Barette,dbarettedp@pinterest.com,Genderfluid,96.164.215.239
495,Merilee,Rhyme,mrhymedq@cnbc.com,Female,157.57.209.2
496,Raphaela,Fortescue,rfortescuedr@lulu.com,Female,38.113.2.228
497,Ettie,McCrory,emccroryds@adobe.com,Female,173.19.209.2
498,Clair,Mosson,cmossondt@walmart.com,Female,137.228.12.159
499,Georgiana,Laurance,glaurancedu@ft.com,Female,196.249.15.163
500,Alexandra,Ivashkov,aivashkovdv@t.co,Female,113.92.198.234
501,Anya,Jakuszewski,ajakuszewskidw@last.fm,Female,37.225.15.95
502,Gareth,Bramont,gbramontdx@elegantthemes.com,Male,229.131.125.45
503,Burr,O'Farris,bofarrisdy@weibo.com,Male,164.186.213.108
504,Bel,Magowan,bmagowandz@scientificamerican.com,Female,135.107.48.35
505,Leicester,Welsh,lwelshe0@kickstarter.com,Male,5.253.146.192
506,Janine,Simoneschi,jsimoneschie1@cam.ac.uk,Female,150.249.63.53
507,Nike,Bream,nbreame2@ebay.com,Female,131.126.238.107
508,Sabra,Korfmann,skorfmanne3@prnewswire.com,Female,51.89.73.163
509,Ari,Freemantle,afreemantlee4@godaddy.com,Male,77.157.67.225
510,Ofilia,Saunier,osauniere5@epa.gov,Female,24.218.34.97
511,Aluin,Schubert,aschuberte6@yandex.ru,Male,97.207.112.108
512,Mohandas,Shale,mshalee7@pcworld.com,Male,180.24.62.218
513,Wyatan,Sharpling,wsharplinge8@hao123.com,Male,166.242.210.254
514,Arturo,Allchorne,aallchornee9@usda.gov,Male,64.37.53.188
515,Hally,McVitty,hmcvittyea@google.ru,Female,253.184.50.251
516,Jewel,Rawnsley,jrawnsleyeb@gravatar.com,Female,49.114.196.0
517,Hadria,Gye,hgyeec@friendfeed.com,Female,114.37.52.9
518,Maje,Gryglewski,mgryglewskied@about.me,Male,59.202.222.17
519,Tonnie,Ranklin,tranklinee@buzzfeed.com,Male,152.50.106.156
520,Ginnie,Patshull,gpatshullef@jiathis.com,Female,252.209.11.120
521,Tam,Kennard,tkennardeg@springer.com,Agender,131.0.147.172
522,Colby,Arendt,carendteh@intel.com,Male,146.243.129.166
523,Kate,Jarrette,kjarretteei@patch.com,Female,138.215.127.68
524,Ferdy,Firmager,ffirmagerej@hostgator.com,Male,55.73.100.57
525,Hobard,Scaysbrook,hscaysbrookek@opensource.org,Male,50.23.246.226
526,Dawn,Wackett,dwackettel@furl.net,Female,24.19.244.169
527,Fowler,Kivell,fkivellem@tiny.cc,Male,4.65.176.236
528,Maible,Galley,mgalleyen@illinois.edu,Female,163.143.92.88
529,Oswald,Suett,osuetteo@xing.com,Male,113.170.208.157
530,Kimmie,Toffanelli,ktoffanelliep@lycos.com,Female,244.193.16.138
531,Boniface,Munnis,bmunniseq@cbslocal.com,Male,35.250.152.32
532,Ettie,Vasilmanov,evasilmanover@umich.edu,Female,30.48.162.50
533,Corbie,Antoniazzi,cantoniazzies@weibo.com,Male,75.38.24.228
534,Amalee,Cafe,acafeet@free.fr,Female,73.216.102.76
535,Udale,Casina,ucasinaeu@taobao.com,Male,112.119.157.135
536,Damien,Dalinder,ddalinderev@ocn.ne.jp,Male,96.251.220.209
537,Daffy,Maddie,dmaddieew@about.me,Female,219.4.243.246
538,Tawsha,Wear,twearex@mediafire.com,Non-binary,168.191.23.211
539,Vidovik,O'Kelly,vokellyey@livejournal.com,Male,113.204.92.150
540,Titus,Tregear,ttregearez@who.int,Male,144.64.234.184
541,Donny,McGarry,dmcgarryf0@mediafire.com,Male,157.102.241.181
542,Langston,Iohananof,liohananoff1@barnesandnoble.com,Male,248.134.217.132
543,Beale,Pistol,bpistolf2@walmart.com,Male,9.48.209.13
544,Callie,Lewsie,clewsief3@zdnet.com,Female,9.85.15.137
545,Erek,Antoniazzi,eantoniazzif4@loc.gov,Genderfluid,63.230.249.194
546,Jason,Gostling,jgostlingf5@sbwire.com,Male,70.71.140.25
547,Taffy,Dmitr,tdmitrf6@wikispaces.com,Female,249.119.10.202
548,Romona,Skase,rskasef7@google.ca,Female,85.79.229.149
549,Shaun,McGovern,smcgovernf8@imdb.com,Female,91.206.240.31
550,Maynord,Tendahl,mtendahlf9@icq.com,Male,188.174.33.87
551,Netty,Pala,npalafa@japanpost.jp,Female,219.49.227.17
552,Zacherie,Gatheral,zgatheralfb@jimdo.com,Agender,89.183.8.114
553,Bethany,Thirst,bthirstfc@wikipedia.org,Female,179.4.252.244
554,Karena,Bowland,kbowlandfd@over-blog.com,Female,79.10.221.44
555,Ellene,Ismirnioglou,eismirniogloufe@ucsd.edu,Female,71.35.47.8
556,Archibaldo,Simonot,asimonotff@csmonitor.com,Male,41.48.0.148
557,Moises,Meaddowcroft,mmeaddowcroftfg@sitemeter.com,Male,201.199.233.116
558,Yoko,Jannequin,yjannequinfh@timesonline.co.uk,Non-binary,164.252.163.83
559,Kendal,Treleven,ktrelevenfi@trellian.com,Male,171.26.100.114
560,Allyn,Bark,abarkfj@jalbum.net,Male,33.60.137.235
561,Shannon,Foyle,sfoylefk@godaddy.com,Male,78.201.102.65
562,Shantee,Tayt,staytfl@google.com,Female,224.202.171.128
563,Tully,Maciak,tmaciakfm@usgs.gov,Male,177.209.38.214
564,Kennith,Lammerts,klammertsfn@altervista.org,Male,132.98.67.122
565,Rebecca,Tomaschke,rtomaschkefo@people.com.cn,Female,238.218.170.29
566,Rudd,Hacket,rhacketfp@vistaprint.com,Male,40.59.95.234
567,Gunilla,Bugg,gbuggfq@businessweek.com,Female,91.43.16.107
568,Egon,MacVean,emacveanfr@yale.edu,Bigender,94.111.9.1
569,Johan,Eglese,jeglesefs@ebay.co.uk,Male,41.0.137.212
570,Delora,Hirsch,dhirschft@ucoz.ru,Female,38.142.67.77
571,Dex,Canti,dcantifu@ovh.net,Male,27.114.128.9
572,Barney,Kalinsky,bkalinskyfv@slideshare.net,Male,189.112.142.112
573,Verene,Hearsum,vhearsumfw@eventbrite.com,Female,10.74.232.172
574,Chandal,Merriday,cmerridayfx@craigslist.org,Female,72.92.249.84
575,Brietta,Hallex,bhallexfy@issuu.com,Female,173.201.87.234
576,Hamlen,Skellon,hskellonfz@sbwire.com,Male,106.77.181.182
577,Kristos,Cray,kcrayg0@indiegogo.com,Male,8.152.116.8
578,Taddeusz,Morant,tmorantg1@epa.gov,Genderfluid,38.128.242.187
579,Sabra,McSharry,smcsharryg2@livejournal.com,Female,249.59.211.200
580,Guthry,Burrass,gburrassg3@clickbank.net,Male,68.59.51.210
581,Shandie,Thorndycraft,sthorndycraftg4@go.com,Female,36.58.5.123
582,Lacie,Dadds,ldaddsg5@unblog.fr,Female,42.142.213.140
583,Joceline,Danihel,jdanihelg6@tamu.edu,Genderqueer,133.104.44.48
584,Giffard,Kuzma,gkuzmag7@bravesites.com,Male,252.5.163.134
585,Kellen,Wartnaby,kwartnabyg8@wisc.edu,Genderfluid,198.209.123.204
586,Saudra,Trusler,struslerg9@g.co,Female,250.39.43.205
587,Dixie,Giannoni,dgiannoniga@prlog.org,Female,96.193.119.187
588,Gillian,Cosin,gcosingb@nature.com,Female,186.82.207.179
589,Verena,Simao,vsimaogc@e-recht24.de,Female,17.172.127.91
590,Noah,Fayne,nfaynegd@reuters.com,Male,159.84.168.53
591,Janey,Coils,jcoilsge@tiny.cc,Female,47.237.75.110
592,Sheeree,Glavias,sglaviasgf@privacy.gov.au,Female,21.19.215.40
593,Benedicta,Prise,bprisegg@mapy.cz,Female,27.154.236.192
594,Annissa,Chape,achapegh@about.me,Female,112.127.4.81
595,Jocko,Oliver,jolivergi@taobao.com,Male,109.240.12.152
596,Margaretha,MacMechan,mmacmechangj@nih.gov,Female,54.85.225.113
597,Karolina,Setterfield,ksetterfieldgk@economist.com,Female,160.79.185.14
598,Antonin,Lilloe,alilloegl@gravatar.com,Male,68.247.247.172
599,Aurilia,Gumme,agummegm@uiuc.edu,Female,225.45.146.124
600,Agata,Sommerlie,asommerliegn@europa.eu,Female,82.133.126.140
601,Travers,Millam,tmillamgo@deliciousdays.com,Male,248.109.48.166
602,Wittie,Yukhin,wyukhingp@cmu.edu,Male,10.224.24.102
603,Gerhard,Killiner,gkillinergq@hexun.com,Male,96.101.1.29
604,Niki,Semor,nsemorgr@irs.gov,Male,5.245.233.11
605,Loren,Snalom,lsnalomgs@feedburner.com,Agender,155.170.147.198
606,Nathanil,Casone,ncasonegt@mashable.com,Male,195.175.251.113
607,Conny,Androck,candrockgu@furl.net,Female,100.33.155.236
608,Hedvig,Matura,hmaturagv@squidoo.com,Female,186.33.132.48
609,Brent,Haughey,bhaugheygw@stumbleupon.com,Agender,194.72.110.124
610,Burnard,Foort,bfoortgx@acquirethisname.com,Male,74.212.25.124
611,Phaidra,Andriss,pandrissgy@vinaora.com,Female,100.229.165.4
612,Yetty,Hosburn,yhosburngz@dot.gov,Genderqueer,181.221.66.220
613,Leo,Rogez,lrogezh0@cargocollective.com,Male,82.169.142.215
614,Thekla,Karpfen,tkarpfenh1@earthlink.net,Female,126.69.183.11
615,Cati,Romanelli,cromanellih2@twitpic.com,Female,226.152.42.28
616,Ninetta,Stagg,nstaggh3@fda.gov,Female,143.251.136.232
617,Victoria,Frunks,vfrunksh4@sogou.com,Female,250.22.184.180
618,Blaine,Vearnals,bvearnalsh5@bloomberg.com,Bigender,135.49.199.85
619,Ashlin,Iddons,aiddonsh6@msn.com,Male,121.152.11.106
620,Chloris,Shepley,cshepleyh7@google.co.jp,Female,116.65.26.102
621,Karlis,O'Scully,koscullyh8@oakley.com,Male,125.239.20.76
622,Karon,Liley,klileyh9@is.gd,Female,107.96.43.150
623,Tedman,Kamen,tkamenha@sun.com,Male,173.196.232.230
624,Zea,Borleace,zborleacehb@gov.uk,Genderqueer,104.205.89.65
625,Giulio,Jedraszek,gjedraszekhc@prnewswire.com,Male,139.205.18.185
626,Reuben,McMoyer,rmcmoyerhd@quantcast.com,Male,237.193.187.196
627,Ellis,Blade,ebladehe@wikia.com,Male,76.124.106.190
628,Giffie,Keenleyside,gkeenleysidehf@paypal.com,Male,63.243.88.177
629,Saul,Nuccitelli,snuccitellihg@boston.com,Male,57.58.244.66
630,Duky,Padley,dpadleyhh@instagram.com,Male,94.147.138.134
631,Chane,Hardy-Piggin,chardypigginhi@biblegateway.com,Male,128.153.10.207
632,Alberta,McMichell,amcmichellhj@xing.com,Female,243.62.63.48
633,Maisie,Balog,mbaloghk@indiatimes.com,Female,219.138.233.199
634,Sheila-kathryn,Twell,stwellhl@auda.org.au,Female,233.153.7.100
635,Molly,Laurence,mlaurencehm@parallels.com,Female,1.86.187.73
636,Briana,Philipps,bphilippshn@xrea.com,Female,27.47.12.73
637,Arlen,Goncalo,agoncaloho@google.com.br,Male,42.249.8.15
638,Anjela,Syer,asyerhp@instagram.com,Female,175.58.89.149
639,Stafani,Derbyshire,sderbyshirehq@theglobeandmail.com,Female,200.141.165.69
640,Toma,Krzysztof,tkrzysztofhr@paginegialle.it,Female,234.63.68.96
641,Adolphe,O'Kane,aokanehs@ebay.co.uk,Male,37.41.12.32
642,Vittorio,Wimmers,vwimmersht@baidu.com,Genderqueer,100.232.83.31
643,Elton,Carlisso,ecarlissohu@alibaba.com,Male,239.170.71.102
644,Wolfie,Melarkey,wmelarkeyhv@amazon.co.jp,Male,86.93.101.164
645,Roslyn,Dodge,rdodgehw@latimes.com,Female,206.205.153.86
646,Job,Kingsnod,jkingsnodhx@wunderground.com,Male,17.145.129.119
647,Salomo,McFie,smcfiehy@sakura.ne.jp,Male,115.39.126.182
648,Karlik,Pulham,kpulhamhz@washington.edu,Male,148.240.14.221
649,Aila,Cassley,acassleyi0@umich.edu,Female,132.235.42.145
650,Mozes,Yaus,myausi1@booking.com,Male,78.241.37.183
651,Allin,MacElharge,amacelhargei2@mapquest.com,Male,77.82.151.214
652,Umberto,Ducaen,uducaeni3@hp.com,Male,46.193.106.216
653,Bar,Bretherick,bbrethericki4@yahoo.com,Male,162.251.118.193
654,Modestia,Marushak,mmarushaki5@ycombinator.com,Female,103.94.217.140
655,Norbert,List,nlisti6@4shared.com,Male,46.30.249.210
656,Anatollo,Corbin,acorbini7@cdc.gov,Male,21.49.240.111
657,Delly,Downse,ddownsei8@ft.com,Female,45.38.248.8
658,Delcina,Semble,dsemblei9@usgs.gov,Female,25.187.198.143
659,Clarette,Eighteen,ceighteenia@who.int,Female,2.100.214.61
660,Alena,Rearden,areardenib@berkeley.edu,Female,177.140.138.241
661,Lena,Gregon,lgregonic@bandcamp.com,Agender,236.24.116.203
662,Nikkie,McCaw,nmccawid@house.gov,Female,226.174.90.6
663,Burk,Hollidge,bhollidgeie@desdev.cn,Male,172.93.170.238
664,Willi,Duffie,wduffieif@phpbb.com,Genderfluid,255.158.230.56
665,Ericha,Bogies,ebogiesig@soundcloud.com,Female,6.184.57.103
666,Lynnet,Rapa,lrapaih@state.gov,Female,97.162.189.80
667,Constantin,Kirrens,ckirrensii@house.gov,Male,193.254.80.8
668,Sherilyn,Itzcovichch,sitzcovichchij@epa.gov,Female,75.131.148.237
669,Vite,Claydon,vclaydonik@forbes.com,Male,55.227.50.220
670,Marrilee,Mehmet,mmehmetil@domainmarket.com,Female,151.28.223.160
671,Mallissa,Melmoth,mmelmothim@marketwatch.com,Female,102.73.33.139
672,Becki,Yushankin,byushankinin@live.com,Female,243.217.12.196
673,Alexandr,Roderham,aroderhamio@msu.edu,Male,31.28.150.237
674,Rosella,Mottershead,rmottersheadip@fc2.com,Female,176.156.114.85
675,Valentine,Verrill,vverrilliq@dropbox.com,Male,174.212.147.127
676,Colby,Dunseath,cdunseathir@163.com,Male,54.25.145.186
677,Ina,Trowsdall,itrowsdallis@ifeng.com,Female,157.142.97.199
678,Cathryn,Rapelli,crapelliit@sakura.ne.jp,Female,178.164.229.69
679,Wren,Tunnacliffe,wtunnacliffeiu@fema.gov,Female,32.184.24.204
680,Saundra,Hamal,shamaliv@timesonline.co.uk,Male,202.255.51.50
681,Kit,Bartleet,kbartleetiw@aol.com,Female,34.142.232.235
682,Keir,Goad,kgoadix@diigo.com,Non-binary,255.10.166.137
683,Tracy,Toffano,ttoffanoiy@businesswire.com,Female,194.73.60.119
684,Talbert,Poynzer,tpoynzeriz@bigcartel.com,Male,169.26.81.96
685,Glyn,Jagson,gjagsonj0@amazon.co.jp,Female,239.211.194.222
686,Burnard,Glassup,bglassupj1@icio.us,Male,191.87.153.123
687,Sophronia,Jamme,sjammej2@google.cn,Genderqueer,251.15.243.194
688,Malissia,Hanhard,mhanhardj3@nhs.uk,Female,238.85.135.5
689,Kirstyn,Switland,kswitlandj4@ovh.net,Female,17.207.198.244
690,Ashely,Brankley,abrankleyj5@google.com.br,Female,132.149.142.42
691,Klarrisa,Mixture,kmixturej6@time.com,Female,237.126.20.248
692,Clo,Payze,cpayzej7@webmd.com,Female,207.229.39.203
693,Sheelah,Oglesbee,soglesbeej8@instagram.com,Female,249.67.137.116
694,Lora,Jachimczak,ljachimczakj9@canalblog.com,Female,67.120.224.124
695,Regan,Hinksen,rhinksenja@desdev.cn,Female,213.46.239.235
696,Joycelin,Beltzner,jbeltznerjb@hhs.gov,Female,31.51.59.56
697,Lenard,Musgrove,lmusgrovejc@ed.gov,Male,51.54.66.55
698,Hyacinthie,Basezzi,hbasezzijd@squarespace.com,Female,138.95.225.78
699,Adamo,Pernell,apernellje@amazon.com,Polygender,181.179.7.246
700,Gabi,Hartnup,ghartnupjf@about.me,Male,58.71.96.134
701,Sheeree,Ricci,sriccijg@csmonitor.com,Female,248.9.33.252
702,Laurianne,Biddle,lbiddlejh@google.ca,Female,112.125.29.160
703,Alessandra,Wilcocks,awilcocksji@booking.com,Female,163.233.8.107
704,Lindsey,Coult,lcoultjj@51.la,Male,15.90.40.71
705,Joyce,Heister,jheisterjk@liveinternet.ru,Female,160.197.74.68
706,Kris,Robel,krobeljl@i2i.jp,Male,214.212.168.183
707,Gaylord,Drinnan,gdrinnanjm@spiegel.de,Male,96.230.15.225
708,Granny,Wavell,gwavelljn@wikia.com,Male,24.119.101.228
709,Natassia,Pettigrew,npettigrewjo@icq.com,Female,141.124.252.48
710,Walther,Mattiessen,wmattiessenjp@oracle.com,Male,18.73.98.152
711,Dolorita,Jenks,djenksjq@bandcamp.com,Female,168.114.83.58
712,Artemus,O'Cannon,aocannonjr@seattletimes.com,Male,37.164.60.54
713,Cleon,Fullman,cfullmanjs@economist.com,Male,235.248.172.144
714,Zoe,Huxstep,zhuxstepjt@twitter.com,Female,218.230.76.73
715,Beatrisa,Whannel,bwhannelju@cbslocal.com,Female,205.242.40.152
716,Crichton,Cassedy,ccassedyjv@miitbeian.gov.cn,Male,136.76.183.135
717,Amandie,Battista,abattistajw@baidu.com,Female,48.26.96.44
718,Gordie,Lanfare,glanfarejx@java.com,Male,95.177.1.64
719,Ardis,Rushmer,arushmerjy@washingtonpost.com,Female,192.158.21.226
720,Kary,Gomersal,kgomersaljz@japanpost.jp,Non-binary,135.127.167.31
721,Vinnie,Gotmann,vgotmannk0@imdb.com,Male,75.166.126.112
722,Danielle,Ferenczy,dferenczyk1@multiply.com,Female,208.149.219.91
723,Den,Meriton,dmeritonk2@home.pl,Male,145.252.241.135
724,Mommy,Cords,mcordsk3@liveinternet.ru,Female,78.166.75.140
725,Cynthia,Probyn,cprobynk4@house.gov,Female,45.189.175.73
726,Claudelle,Lacroix,clacroixk5@nymag.com,Female,46.216.229.148
727,Hussein,Treversh,htrevershk6@photobucket.com,Male,53.45.74.174
728,Alexander,Keirle,akeirlek7@youtu.be,Agender,91.175.106.61
729,Luz,Kerrey,lkerreyk8@oakley.com,Female,87.112.129.8
730,Shelagh,Peaddie,speaddiek9@joomla.org,Female,139.99.39.42
731,Allard,Cacacie,acacacieka@slate.com,Male,23.19.123.25
732,Frederigo,Georgel,fgeorgelkb@arstechnica.com,Genderqueer,191.94.14.89
733,Halli,Brixham,hbrixhamkc@usnews.com,Female,160.244.8.39
734,Elie,Attenborough,eattenboroughkd@forbes.com,Female,52.140.229.253
735,Sylas,Wathall,swathallke@cmu.edu,Genderfluid,250.147.228.164
736,Ulysses,McKeller,umckellerkf@pagesperso-orange.fr,Male,180.241.182.120
737,Andris,Kimmel,akimmelkg@reference.com,Male,218.75.214.115
738,Wilmar,Pentecost,wpentecostkh@angelfire.com,Male,213.12.90.248
739,Meggie,Gilbane,mgilbaneki@altervista.org,Female,115.60.252.136
740,Orazio,Oldershaw,ooldershawkj@marketwatch.com,Male,10.7.159.136
741,Issie,Morris,imorriskk@com.com,Female,62.232.178.11
742,Al,Thelwll,athelwllkl@foxnews.com,Genderqueer,42.132.251.124
743,Eugen,Thurner,ethurnerkm@bbb.org,Male,253.230.128.72
744,Dare,Beric,dberickn@tmall.com,Non-binary,19.74.160.92
745,Will,Connar,wconnarko@hatena.ne.jp,Male,211.100.79.20
746,Morie,Pioch,mpiochkp@ucsd.edu,Male,253.192.116.196
747,Hurleigh,Sickert,hsickertkq@answers.com,Non-binary,14.18.87.106
748,Atalanta,Cummine,acumminekr@google.ru,Female,199.136.142.244
749,Pepi,Spolton,pspoltonks@google.ca,Female,183.218.227.194
750,Raphaela,Wallsworth,rwallsworthkt@usda.gov,Female,191.94.171.35
751,Brandice,Hamlett,bhamlettku@wufoo.com,Female,247.58.109.201
752,Fredi,D'Aguanno,fdaguannokv@dell.com,Female,228.241.237.80
753,Winna,McMurty,wmcmurtykw@squidoo.com,Female,45.18.137.217
754,Kara-lynn,Klishin,kklishinkx@hatena.ne.jp,Female,97.186.180.221
755,Annadiana,Milella,amilellaky@photobucket.com,Female,7.26.28.76
756,Myrta,Medling,mmedlingkz@spiegel.de,Female,127.215.31.43
757,Jesus,Dahl,jdahll0@artisteer.com,Male,145.184.199.129
758,Dunc,Backshell,dbackshelll1@answers.com,Male,82.69.44.103
759,Zelig,Ogg,zoggl2@clickbank.net,Male,165.188.87.143
760,Luis,Korn,lkornl3@who.int,Male,220.245.83.207
761,Hetty,Maplethorpe,hmaplethorpel4@homestead.com,Female,96.40.94.138
762,Ripley,Orehead,roreheadl5@cisco.com,Male,145.13.170.32
763,Stevana,Koene,skoenel6@telegraph.co.uk,Female,88.196.163.141
764,Joe,McCritchie,jmccritchiel7@free.fr,Male,44.246.196.115
765,Graig,Olanda,golandal8@stanford.edu,Male,13.66.59.72
766,Nealon,Goadbie,ngoadbiel9@bizjournals.com,Male,11.108.11.244
767,Diarmid,Bartali,dbartalila@mail.ru,Male,44.17.53.245
768,Phillipp,Rofe,profelb@adobe.com,Male,77.214.184.69
769,Chester,Arthy,carthylc@booking.com,Male,54.50.101.111
770,Roshelle,Dover,rdoverld@ebay.com,Female,43.97.25.144
771,Alexio,Ludlem,aludlemle@edublogs.org,Male,80.11.69.177
772,Jayme,Gorham,jgorhamlf@amazon.co.jp,Female,201.210.186.165
773,Hakim,Capner,hcapnerlg@mit.edu,Male,95.93.40.160
774,Nestor,Pietrzyk,npietrzyklh@zdnet.com,Male,20.112.101.62
775,Margi,Tumioto,mtumiotoli@marketwatch.com,Female,61.133.170.194
776,Hewie,Geekin,hgeekinlj@pinterest.com,Male,19.185.174.148
777,Ellis,Woollett,ewoollettlk@cdbaby.com,Male,48.146.177.249
778,Reginauld,Elgie,relgiell@epa.gov,Male,31.142.70.172
779,Aguistin,Yakhin,ayakhinlm@myspace.com,Male,67.255.254.96
780,Corrianne,Mullord,cmullordln@lycos.com,Female,98.181.68.153
781,Kristian,Ferrierio,kferrieriolo@blinklist.com,Male,155.254.214.166
782,Lark,Grunnell,lgrunnelllp@eepurl.com,Female,35.111.230.91
783,Edwin,Brosnan,ebrosnanlq@spotify.com,Male,186.108.142.70
784,Fulton,Shoulder,fshoulderlr@cam.ac.uk,Male,129.122.125.161
785,Ryun,Anthes,ranthesls@disqus.com,Polygender,82.82.122.13
786,Hamlen,Mattin,hmattinlt@amazonaws.com,Male,191.72.228.217
787,Annette,Annice,aannicelu@discuz.net,Female,79.214.100.84
788,Raleigh,Dudley,rdudleylv@netscape.com,Non-binary,81.43.180.177
789,Hussein,Foulsham,hfoulshamlw@gravatar.com,Male,224.20.225.186
790,Caterina,Dudny,cdudnylx@wired.com,Female,176.146.188.89
791,Tedra,Grayston,tgraystonly@deviantart.com,Female,241.172.147.11
792,Brenda,Poor,bpoorlz@npr.org,Female,23.221.164.103
793,Hi,Blueman,hbluemanm0@gnu.org,Male,25.34.25.232
794,Stephi,Raubenheimer,sraubenheimerm1@nhs.uk,Female,19.186.121.113
795,Billy,Scathard,bscathardm2@bluehost.com,Female,133.82.163.106
796,Farley,Underwood,funderwoodm3@reddit.com,Male,126.61.218.193
797,Jinny,Gittoes,jgittoesm4@360.cn,Female,247.175.92.88
798,Thomasin,Asbury,tasburym5@ft.com,Female,172.3.85.78
799,Oona,Bangs,obangsm6@princeton.edu,Female,42.162.152.93
800,Casandra,Girdler,cgirdlerm7@hp.com,Female,223.61.47.214
801,Deanne,Ramsell,dramsellm8@unicef.org,Female,234.75.128.253
802,Rudd,Doelle,rdoellem9@bing.com,Male,73.124.105.224
803,Gerty,Syphus,gsyphusma@people.com.cn,Female,242.48.64.170
804,Gweneth,Dalby,gdalbymb@zdnet.com,Female,160.38.171.170
805,Angelia,De Bischof,adebischofmc@desdev.cn,Genderfluid,233.101.116.244
806,Cordi,Wolstenholme,cwolstenholmemd@apple.com,Female,189.204.201.141
807,Bathsheba,Loiterton,bloitertonme@yandex.ru,Female,83.118.127.114
808,Aldric,Blatchford,ablatchfordmf@360.cn,Male,151.163.148.52
809,Elizabeth,Eisig,eeisigmg@livejournal.com,Female,159.117.153.56
810,Waverly,Dionisi,wdionisimh@deviantart.com,Male,237.231.197.9
811,Halsey,Waterhous,hwaterhousmi@thetimes.co.uk,Male,115.205.51.200
812,Brenn,Petracek,bpetracekmj@sfgate.com,Female,78.140.30.244
813,Wendi,Praten,wpratenmk@ask.com,Female,84.152.255.160
814,Fiona,Ingerfield,fingerfieldml@ucoz.ru,Female,113.50.49.162
815,Kiri,Galle,kgallemm@blogger.com,Female,118.182.51.209
816,Ferguson,Row,frowmn@w3.org,Male,0.181.247.197
817,Jojo,Biner,jbinermo@privacy.gov.au,Female,47.142.156.99
818,Edan,Elles,eellesmp@constantcontact.com,Male,132.233.114.10
819,Gabriellia,McTurk,gmcturkmq@globo.com,Female,112.39.158.175
820,Bren,Digance,bdigancemr@live.com,Male,191.203.23.225
821,Jeth,Darleston,jdarlestonms@youtu.be,Male,48.223.133.175
822,Alexi,Rothman,arothmanmt@cmu.edu,Female,20.88.234.147
823,Hamnet,Robley,hrobleymu@ning.com,Genderqueer,62.231.212.82
824,Ignazio,De Mitris,idemitrismv@skyrock.com,Non-binary,247.159.247.38
825,Tripp,McVeagh,tmcveaghmw@bing.com,Male,7.25.160.122
826,Johnny,Allsep,jallsepmx@wordpress.com,Male,174.107.15.91
827,Gare,Fritzer,gfritzermy@cdc.gov,Male,10.113.186.64
828,Jeramey,Boake,jboakemz@ed.gov,Male,199.203.251.88
829,Case,Rosettini,crosettinin0@nytimes.com,Male,226.95.53.250
830,Galen,Dicke,gdicken1@ebay.com,Male,10.42.154.153
831,Emylee,Prangley,eprangleyn2@blog.com,Female,22.11.37.153
832,Muhammad,Hallows,mhallowsn3@reverbnation.com,Male,185.112.79.152
833,Mallory,Wedderburn,mwedderburnn4@a8.net,Male,142.252.9.22
834,Cathi,Woolner,cwoolnern5@imdb.com,Female,85.84.81.209
835,Shelli,O'Downe,sodownen6@jalbum.net,Female,146.117.134.244
836,Giacopo,Osmar,gosmarn7@go.com,Male,123.247.211.62
837,Sella,Saywell,ssaywelln8@earthlink.net,Female,221.52.252.28
838,Consolata,Wakelam,cwakelamn9@nationalgeographic.com,Female,48.75.227.9
839,Lyssa,Goodship,lgoodshipna@nationalgeographic.com,Female,146.214.22.16
840,Cherish,Bartlomiejczyk,cbartlomiejczyknb@blinklist.com,Female,88.254.145.110
841,Leanor,Frude,lfrudenc@ezinearticles.com,Non-binary,96.36.125.135
842,Morris,Vankin,mvankinnd@theatlantic.com,Male,170.23.49.186
843,Corbin,Demangeon,cdemangeonne@arizona.edu,Male,54.89.186.119
844,Andra,Dougal,adougalnf@ihg.com,Female,171.166.232.218
845,Itch,Bettridge,ibettridgeng@mediafire.com,Male,231.89.147.234
846,Zitella,Gilbody,zgilbodynh@jigsy.com,Female,112.92.232.131
847,Lenette,Knutton,lknuttonni@google.co.jp,Female,180.51.41.48
848,Donalt,Frisby,dfrisbynj@unblog.fr,Non-binary,119.65.48.78
849,Lesya,Berrill,lberrillnk@eepurl.com,Female,66.184.251.12
850,Anita,Gunney,agunneynl@hp.com,Female,38.10.8.145
851,Evey,Waiting,ewaitingnm@google.co.uk,Female,98.227.84.223
852,Coleen,Botham,cbothamnn@mtv.com,Female,141.54.194.202
853,Niki,Conquer,nconquerno@google.es,Male,143.129.116.227
854,Byrom,Casale,bcasalenp@google.co.jp,Male,0.209.159.81
855,Jacqueline,Fowls,jfowlsnq@homestead.com,Female,216.101.202.244
856,Kaspar,Tinklin,ktinklinnr@archive.org,Male,43.163.77.246
857,Robb,Crocroft,rcrocroftns@jalbum.net,Male,10.195.73.194
858,Sergio,Chasier,schasiernt@plala.or.jp,Male,166.252.211.244
859,Zondra,Greeding,zgreedingnu@aol.com,Female,200.249.220.4
860,De witt,Cleaveland,dcleavelandnv@wikia.com,Male,212.13.62.19
861,Oona,Franc,ofrancnw@gmpg.org,Female,103.246.17.155
862,Bart,Degoe,bdegoenx@posterous.com,Male,64.181.1.149
863,Stormy,Dillintone,sdillintoneny@umn.edu,Female,118.108.231.129
864,Roda,Groom,rgroomnz@mozilla.com,Agender,61.228.165.166
865,Raymond,Bradnam,rbradnamo0@mit.edu,Male,19.72.44.179
866,Haven,Lloyd,hlloydo1@facebook.com,Male,47.178.151.3
867,Belicia,Skures,bskureso2@dailymail.co.uk,Female,34.18.29.167
868,Aldric,Egger,aeggero3@people.com.cn,Male,139.176.154.173
869,Dallon,Nutt,dnutto4@phoca.cz,Male,31.200.2.129
870,Ingrid,Cattlow,icattlowo5@jigsy.com,Female,36.109.33.63
871,Benny,Jorez,bjorezo6@nymag.com,Genderfluid,226.221.145.170
872,Alfons,Ousbie,aousbieo7@cmu.edu,Male,46.246.228.187
873,Antonella,Jubert,ajuberto8@merriam-webster.com,Female,160.119.8.157
874,Adore,Yekel,ayekelo9@nature.com,Female,250.126.194.100
875,Lola,Cash,lcashoa@exblog.jp,Female,190.169.233.175
876,Mair,Yorkston,myorkstonob@fotki.com,Female,64.63.181.224
877,Caril,Parrington,cparringtonoc@wiley.com,Bigender,202.80.1.128
878,Christina,Bentham3,cbenthamod@telegraph.co.uk,Female,120.209.25.232
879,Kenneth,Payne,kpayneoe@columbia.edu,Male,248.158.242.93
880,Malissia,Jarville,mjarvilleof@instagram.com,Female,253.162.128.30
881,Dionne,Saxton,dsaxtonog@berkeley.edu,Female,108.48.195.45
882,Todd,Rosenbarg,trosenbargoh@g.co,Male,142.233.155.23
883,Cleve,Houlahan,choulahanoi@unc.edu,Male,229.72.65.194
884,Prescott,Lowdham,plowdhamoj@theglobeandmail.com,Male,67.217.129.151
885,Shelley,Leber,sleberok@last.fm,Male,150.116.215.181
886,Haskel,Swinburn,hswinburnol@webnode.com,Male,114.192.56.51
887,Adella,Boord,aboordom@symantec.com,Genderqueer,244.222.35.52
888,Bastian,Trott,btrotton@last.fm,Male,192.36.71.112
889,Inge,McLagain,imclagainoo@plala.or.jp,Female,9.187.4.11
890,Garland,Mattea,gmatteaop@dot.gov,Female,100.250.66.251
891,Herschel,Sharvell,hsharvelloq@independent.co.uk,Male,195.216.62.50
892,Erie,Taye,etayeor@etsy.com,Male,138.186.50.70
893,Sheilakathryn,Jamary,sjamaryos@theatlantic.com,Female,219.232.96.221
894,Augustine,Prebble,aprebbleot@bing.com,Female,54.67.128.12
895,Eleonore,Hair,ehairou@privacy.gov.au,Genderfluid,54.201.52.23
896,Elaina,Zeplin,ezeplinov@123-reg.co.uk,Female,137.174.159.13
897,Gibbie,Mayell,gmayellow@europa.eu,Male,250.124.169.65
898,Rosana,Highnam,rhighnamox@house.gov,Female,38.43.206.162
899,Maxy,Lemmer,mlemmeroy@wunderground.com,Male,250.241.5.202
900,Tamra,Bingell,tbingelloz@miibeian.gov.cn,Female,116.59.47.182
901,Ash,Leimster,aleimsterp0@google.es,Male,24.89.32.147
902,Torey,Maffiotti,tmaffiottip1@dailymotion.com,Male,57.81.128.112
903,Emiline,Vain,evainp2@ovh.net,Female,253.232.29.217
904,Estele,Bellefant,ebellefantp3@independent.co.uk,Female,203.75.151.58
905,Dimitry,Rucklesse,drucklessep4@plala.or.jp,Male,28.26.41.148
906,Merle,Monger,mmongerp5@51.la,Female,146.248.90.240
907,Maurise,Elsby,melsbyp6@omniture.com,Female,74.205.119.84
908,Benedikt,Copestick,bcopestickp7@dell.com,Male,168.47.223.158
909,Krishna,Jaycocks,kjaycocksp8@wiley.com,Male,234.178.19.220
910,Sofie,Brookzie,sbrookziep9@hatena.ne.jp,Female,220.124.126.227
911,Freddie,Bartozzi,fbartozzipa@mysql.com,Bigender,114.215.24.55
912,Gertrudis,Hunnawill,ghunnawillpb@unblog.fr,Female,178.95.158.41
913,Robenia,Launder,rlaunderpc@mozilla.org,Female,89.61.181.189
914,Dora,Delaprelle,ddelaprellepd@pbs.org,Genderqueer,123.2.249.232
915,Carlin,Goss,cgosspe@facebook.com,Male,132.154.144.47
916,Gaston,Grgic,ggrgicpf@vistaprint.com,Male,62.159.89.84
917,Buddie,Adenet,badenetpg@pinterest.com,Male,224.104.196.6
918,Carlie,Ferrarese,cferrareseph@usda.gov,Female,181.211.201.36
919,Lisette,Hawkswood,lhawkswoodpi@a8.net,Female,45.53.153.14
920,Pippo,Feyer,pfeyerpj@weibo.com,Male,66.75.198.201
921,Adams,Kmicicki,akmicickipk@dot.gov,Male,6.133.35.120
922,Neddie,Greggs,ngreggspl@oracle.com,Male,162.210.50.117
923,Broddy,Burgum,bburgumpm@umich.edu,Male,20.125.35.12
924,Donal,Gokes,dgokespn@de.vu,Male,120.157.172.246
925,Ricca,Le Sarr,rlesarrpo@github.io,Female,128.86.232.213
926,Janek,Blenkinsop,jblenkinsoppp@moonfruit.com,Male,83.202.251.166
927,Reider,Scritch,rscritchpq@latimes.com,Male,174.116.145.223
928,Fleur,Corwood,fcorwoodpr@google.ru,Female,1.10.217.134
929,Tyler,Betke,tbetkeps@answers.com,Male,54.205.83.202
930,Riva,Wurst,rwurstpt@ustream.tv,Genderfluid,114.154.27.215
931,Lind,Synke,lsynkepu@surveymonkey.com,Genderfluid,20.8.123.7
932,Julina,Mateiko,jmateikopv@dyndns.org,Polygender,234.186.69.122
933,Amanda,Elia,aeliapw@dmoz.org,Female,21.40.28.180
934,Fairlie,McVittie,fmcvittiepx@answers.com,Agender,76.30.41.172
935,Edvard,Eggle,eegglepy@freewebs.com,Male,131.140.37.243
936,Colene,Agett,cagettpz@zimbio.com,Female,144.175.1.148
937,Melessa,Cotte,mcotteq0@redcross.org,Female,77.227.137.54
938,Blanch,Matussov,bmatussovq1@weebly.com,Female,181.157.196.110
939,Brandyn,Pampling,bpamplingq2@aboutads.info,Male,216.204.169.15
940,Cirilo,Forshaw,cforshawq3@soundcloud.com,Male,14.219.220.26
941,Addie,Wray,awrayq4@paypal.com,Male,194.136.242.9
942,Ches,Tesmond,ctesmondq5@barnesandnoble.com,Male,191.46.206.167
943,Saxe,Grundy,sgrundyq6@merriam-webster.com,Male,15.90.97.125
944,Alejandro,Henstone,ahenstoneq7@vimeo.com,Male,181.241.40.85
945,Cecilius,Billam,cbillamq8@dyndns.org,Male,9.27.213.250
946,Alonzo,Godier,agodierq9@huffingtonpost.com,Male,83.216.208.24
947,Noam,Stean,nsteanqa@soup.io,Agender,114.146.192.249
948,Rikki,Gostling,rgostlingqb@webmd.com,Female,128.189.126.101
949,Arline,Keunemann,akeunemannqc@state.gov,Female,86.186.214.169
950,Susannah,Knath,sknathqd@ameblo.jp,Female,157.188.118.51
951,Nan,Nockells,nnockellsqe@is.gd,Female,39.13.196.145
952,Taylor,Mengo,tmengoqf@uiuc.edu,Bigender,171.17.12.165
953,Isidoro,Manhood,imanhoodqg@alibaba.com,Male,204.102.102.223
954,Trenton,Oxbie,toxbieqh@amazon.de,Male,96.223.244.222
955,Krysta,Cran,kcranqi@examiner.com,Female,212.59.80.10
956,Theresina,Poile,tpoileqj@harvard.edu,Female,20.220.161.112
957,Hans,Loyndon,hloyndonqk@blogs.com,Male,126.245.208.213
958,Phelia,Mohring,pmohringql@usatoday.com,Female,123.61.104.60
959,Nissa,Maddaford,nmaddafordqm@reuters.com,Female,236.58.150.47
960,Kev,Beel,kbeelqn@google.com,Male,111.20.126.255
961,Sallyanne,Cristobal,scristobalqo@slashdot.org,Genderfluid,61.33.224.49
962,Essa,Kemish,ekemishqp@ft.com,Female,243.129.14.192
963,Barnabe,Burgoyne,bburgoyneqq@cargocollective.com,Male,47.97.117.77
964,Maddalena,Rupert,mrupertqr@oracle.com,Female,113.66.135.127
965,Mame,Siemandl,msiemandlqs@bigcartel.com,Non-binary,65.47.170.78
966,Rina,Kemmons,rkemmonsqt@dailymotion.com,Female,229.59.46.184
967,Aubert,Ruhben,aruhbenqu@psu.edu,Male,135.37.195.91
968,Sherry,Comiskey,scomiskeyqv@mysql.com,Female,96.71.225.211
969,Garrott,Tute,gtuteqw@meetup.com,Genderqueer,25.32.73.224
970,Elihu,Tabard,etabardqx@last.fm,Male,120.227.4.89
971,Vladimir,Kilbey,vkilbeyqy@jiathis.com,Male,40.24.126.154
972,Wright,Clemendet,wclemendetqz@studiopress.com,Male,247.7.96.186
973,Lowrance,Fumagallo,lfumagallor0@ifeng.com,Male,73.31.23.36
974,Franky,Hissett,fhissettr1@pinterest.com,Male,49.163.36.120
975,Artemis,Pickard,apickardr2@instagram.com,Male,61.166.76.73
976,Desdemona,Dell Casa,ddellcasar3@disqus.com,Female,211.251.25.173
977,Alexio,Pettie,apettier4@hostgator.com,Male,208.49.253.34
978,Estele,Lucus,elucusr5@cloudflare.com,Female,219.104.221.5
979,Hodge,Hirsch,hhirschr6@jigsy.com,Male,223.253.90.255
980,Fidelio,Cowser,fcowserr7@dagondesign.com,Male,43.99.170.133
981,Eric,Rangle,erangler8@hexun.com,Male,254.237.49.36
982,Lisette,Rate,lrater9@nifty.com,Female,11.36.61.150
983,Izak,Stuchburie,istuchburiera@cnbc.com,Male,71.156.167.144
984,Starr,Girault,sgiraultrb@cmu.edu,Female,51.179.29.86
985,Micheal,Blaber,mblaberrc@mail.ru,Male,247.172.207.137
986,Corny,Weddeburn,cweddeburnrd@goodreads.com,Male,209.255.71.157
987,Harvey,Baert,hbaertre@ebay.com,Male,178.20.244.199
988,Hollyanne,Rubinovitch,hrubinovitchrf@cmu.edu,Female,43.34.235.52
989,Emile,McCrum,emccrumrg@nsw.gov.au,Male,177.221.107.225
990,Bari,Rigden,brigdenrh@nba.com,Non-binary,126.80.134.121
991,Milka,Gelder,mgelderri@deviantart.com,Polygender,46.170.5.7
992,Francklyn,Boyse,fboyserj@google.es,Male,37.13.169.130
993,Ivy,Woehler,iwoehlerrk@livejournal.com,Female,165.180.44.164
994,Clareta,Mordue,cmorduerl@parallels.com,Female,77.94.101.117
995,Odey,Muccino,omuccinorm@psu.edu,Male,209.250.204.103
996,Sadye,Gowry,sgowryrn@yelp.com,Genderfluid,230.71.110.12
997,Gregorius,Brobak,gbrobakro@cnet.com,Male,18.215.18.248
998,Justus,Jenny,jjennyrp@rediff.com,Male,37.28.84.170
999,Mahmoud,Waylett,mwaylettrq@washington.edu,Male,82.205.55.221
1000,Fawnia,Varrow,fvarrowrr@smugmug.com,Female,39.17.53.145
